{"cameraMode":{"drawMode":0,"name":"Shaded","section":"Shading Mode"},"sceneLighting":false,"audioPlay":false,"sceneViewState":{"m_AlwaysRefresh":false,"showFog":true,"showSkybox":false,"showFlares":true,"showImageEffects":true,"showParticleSystems":true,"showVisualEffectGraphs":true,"m_FxEnabled":true},"in2DMode":false,"pivot":{"x":-0.0058318376541137699,"y":1.162182092666626,"z":23.38391876220703},"rotation":{"x":0.011689399369060994,"y":-0.009902373887598515,"z":-0.00011553668446140364,"w":-0.9998876452445984},"size":3.1877753734588625,"orthographic":false}